,dataset,observed_proportion,node_baseline,edge_homophily_ratio
0,flickr-3,0.30245539966926027,0.13262147412375203,2.280591447709535
