,dataset,observed_proportion,node_baseline,edge_homophily_ratio
0,flickr-2,0.3052626550912934,0.13406962824987356,2.2768964088000394
