,dataset,observed_proportion,node_baseline,edge_homophily_ratio
0,flickr-0,0.3070300770965847,0.1362974257281986,2.2526476597500635
