,dataset,observed_proportion,node_baseline,edge_homophily_ratio
0,flickr-1,0.31400826543127897,0.13599784538447263,2.308920884324028
