,dataset,observed_proportion,closed_baseline,node_baseline,simplicial_ratio,hypergraph_ratio,"number filled (hom, total)","number closed (hom, total)"
0,flickr-4,0.39869722757968173,0.22730205084482874,0.020649606841643225,1.7540414883975621,19.307739398487975,"(230079, 577077)","(230079, 1012217)"
