,dataset,observed_proportion,node_baseline,edge_homophily_ratio
0,hosp-DAWN,0.020925456083121904,0.009389668490397091,2.2285617542858494
