,dataset,observed_proportion,node_baseline,edge_homophily_ratio
0,cont-hospital,0.2440260680666184,0.27067901234567904,0.9015330222757623
1,coauth-dblp,0.7017916754834492,0.6623822476362766,1.0594965036997985
