,dataset,observed_proportion,node_baseline,edge_homophily_ratio
0,cont-village,0.45592705167173253,0.25217391304347825,1.8079865842154912
1,retail-trivago,0.367786278605158,0.04102626392370719,8.964654429394221
