,dataset,observed_proportion,node_baseline,edge_homophily_ratio
0,cont-workplace-13,0.281992337164751,0.2636363636363636,1.0696261064869865
1,cont-primary-school,0.147083685545224,0.0902143845089903,1.6303795270095358
