,dataset,observed_proportion,node_baseline,edge_homophily_ratio
0,cont-workplace-15,0.1784155455904335,0.1354306612927303,1.3173940368259174
1,cont-high-school,0.1725206611570248,0.10993865030674847,1.5692448531582055
