,dataset,observed_proportion,closed_baseline,node_baseline,simplicial_ratio,hypergraph_ratio,"number filled (hom, total)","number closed (hom, total)"
0,cont-hospital,0.1265156349712827,0.06871877953287431,0.0839310829817159,1.8410634739337741,1.5073752235371933,"(793, 6268)","(1018, 14814)"
1,coauth-dblp,0.553508135504188,0.5565253658144396,0.493573371454415,0.9945784496168723,1.1214303030026984,"(212851, 384549)","(221506, 398016)"
