,dataset,observed_proportion,closed_baseline,node_baseline,simplicial_ratio,hypergraph_ratio,"number filled (hom, total)","number closed (hom, total)"
0,cont-workplace-15,0.052568559758825247,0.04708682444088516,0.02426157051344458,1.1164176047765144,2.166741832714181,"(17298, 329056)","(33573, 713002)"
1,cont-high-school,0.050232165470662726,0.05269622178032518,0.011958995333228462,0.9532403609515997,4.200366675542635,"(119, 2369)","(1802, 34196)"
