,dataset,observed_proportion,closed_baseline,node_baseline,simplicial_ratio,hypergraph_ratio,"number filled (hom, total)","number closed (hom, total)"
0,cont-village,0.30327868852459017,0.2647058823529412,0.06798418972332015,1.145719489981785,4.46101791841403,"(185, 610)","(261, 986)"
1,retail-trivago,0.04190499126979349,0.2699544837883617,0.002495386122862344,0.15522983979271882,16.792988822798364,"(4872, 116263)","(67257, 249142)"
