,dataset,observed_proportion,closed_baseline,node_baseline,simplicial_ratio,hypergraph_ratio,"number filled (hom, total)","number closed (hom, total)"
0,cont-workplace-13,0.10289000037419081,0.09360306610296733,0.07841682127396413,1.0992161331660595,1.3120909353711874,"(8249, 80173)","(9476, 101236)"
1,cont-primary-school,0.1204178163184864,0.04098804595922473,0.007954999218736436,2.93787648326244,15.137376259555868,"(611, 5074)","(4238, 103396)"
