,group_code,group_size,b_type-1,b_type-2,b_type-3,type-1,type-2,type-3,h_type-1,h/b_type-1,h_type-2,h/b_type-2,h_type-3,h/b_type-3,c_type-1,c_type-2,c_type-3,c_h_type-1,sc_h/b_type-1,c_h_type-2,sc_h/b_type-2,c_h_type-3,sc_h/b_type-3
0,0,16,0.7186147186147186,0.2597402597402597,0.021645021645021644,23519.0,6590.0,663.0,0.7642987131158195,1.0635723056009296,0.21415572598466137,0.8244995450409464,0.021545560899519044,0.9954049135577799,32693.0,11756.0,1152.0,0.7169360321045591,1.0660626316579844,0.25780136400517534,0.8307005155347519,0.025262603890265564,0.8528638216831319
1,1,37,0.4025974025974026,0.4675324675324675,0.12987012987012986,34226.0,49244.0,16947.0,0.34083870261011584,0.8465993580960941,0.4903950526305307,1.048900529237524,0.1687662447593535,1.2995000846470222,44017.0,57678.0,18726.0,0.36552594647113046,0.9324610356683272,0.47896961493427226,1.0238542014775327,0.15550443859459728,1.0852824927996427
2,2,4,0.9400123685837971,0.059369202226345084,0.0006184291898577613,3297.0,44.0,0.0,0.9868302903322359,1.0498056443863326,0.013169709667764143,0.22182729721640226,0.0,0.0,7118.0,244.0,0.0,0.9668568323825047,1.02065813394576,0.033143167617495244,0.3973582072708181,0.0,
3,3,30,0.49783549783549785,0.4184704184704185,0.0836940836940837,35538.0,30322.0,6345.0,0.4921819818572121,0.9886438070349217,0.4199432172287238,1.0035194811707089,0.08787480091406412,1.0499523626456282,44147.0,36670.0,7692.0,0.49878543424962435,0.9867609357872559,0.41430814945372785,1.013601151177996,0.0869064162966478,1.011142843747127
4,4,13,0.7711811997526283,0.21521335807050093,0.013605442176870748,25154.0,7838.0,792.0,0.7445536348567369,0.96547171416467,0.23200331517878287,1.0780154041496892,0.02344304996448023,1.723064172389297,31033.0,9924.0,858.0,0.742149946191558,1.003238818081863,0.23733110127944518,0.9775512519347849,0.02051895252899677,1.142507149492705
