,group_code,group_size,b_type-1,b_type-2,b_type-3,type-1,type-2,type-3,h_type-1,h/b_type-1,h_type-2,h/b_type-2,h_type-3,h/b_type-3,c_type-1,c_type-2,c_type-3,c_h_type-1,sc_h/b_type-1,c_h_type-2,sc_h/b_type-2,c_h_type-3,sc_h/b_type-3
0,0,15,0.4696969696969697,0.4383838383838384,0.09191919191919191,149.0,308.0,396.0,0.1746776084407972,0.3718942631320198,0.36107854630715125,0.8236584351246077,0.4642438452520516,5.050564909884957,257.0,574.0,522.0,0.18994826311899482,0.9196062421027184,0.42424242424242425,0.8511137162954279,0.3858093126385809,1.2032987023487085
1,1,3,0.9121212121212121,0.08686868686868687,0.00101010101010101,146.0,58.0,9.0,0.6854460093896714,0.7514856581348557,0.27230046948356806,3.1346216835899114,0.04225352112676056,41.83098591549296,225.0,68.0,9.0,0.7450331125827815,0.9200208659363589,0.2251655629139073,1.2093344380005522,0.029801324503311258,1.4178403755868545
2,2,3,0.9121212121212121,0.08686868686868687,0.00101010101010101,70.0,52.0,3.0,0.56,0.6139534883720931,0.416,4.788837209302325,0.024,23.76,210.0,60.0,3.0,0.7692307692307693,0.728,0.21978021978021978,1.8928,0.01098901098901099,2.1839999999999997
3,3,10,0.6363636363636364,0.32727272727272727,0.03636363636363636,108.0,166.0,63.0,0.32047477744807124,0.503603221704112,0.49258160237388726,1.505110451697989,0.18694362017804153,5.140949554896142,203.0,234.0,114.0,0.3684210526315789,0.8698601102161934,0.4246823956442831,1.1598823201197088,0.20689655172413793,0.9035608308605341
4,4,15,0.4696969696969697,0.4383838383838384,0.09191919191919191,68.0,150.0,84.0,0.2251655629139073,0.47938474684896387,0.4966887417218543,1.1329996642963958,0.2781456953642384,3.0259806418746815,100.0,244.0,135.0,0.20876826722338204,1.078543046357616,0.5093945720250522,0.9750569970687221,0.2818371607515658,0.9869021339220013
