,group_code,group_size,b_type-1,b_type-2,b_type-3,type-1,type-2,type-3,h_type-1,h/b_type-1,h_type-2,h/b_type-2,h_type-3,h/b_type-3,c_type-1,c_type-2,c_type-3,c_h_type-1,sc_h/b_type-1,c_h_type-2,sc_h/b_type-2,c_h_type-3,sc_h/b_type-3
0,0,109,0.06905227844562482,0.39250768800670954,0.5384400335476657,187.0,896.0,1464.0,0.07341970946211229,1.0632481811577963,0.3517864153906557,0.8962535668464212,0.574793875147232,1.0675169737287895,539.0,3430.0,5562.0,0.056552303011226525,1.2982620610081488,0.35987829188962334,0.9775149635826063,0.5835694050991501,0.9849623200338491
1,1,38,0.5586618208927406,0.379274997670301,0.062063181436958346,443.0,374.0,108.0,0.4789189189189189,0.8572608705452742,0.4043243243243243,1.066045288531775,0.11675675675675676,1.8812563915266618,1675.0,1078.0,228.0,0.5618919825561892,0.8523327148043566,0.36162361623616235,1.118080529509101,0.07648440120764843,1.526543385490754
2,2,1,1.0,0.0,0.0,5.0,0.0,0.0,1.0,1.0,0.0,,0.0,,40.0,0.0,0.0,1.0,1.0,0.0,,0.0,
