,group_code,group_size,b_type-1,b_type-2,b_type-3,type-1,type-2,type-3,h_type-1,h/b_type-1,h_type-2,h/b_type-2,h_type-3,h/b_type-3,c_type-1,c_type-2,c_type-3,c_h_type-1,sc_h/b_type-1,c_h_type-2,sc_h/b_type-2,c_h_type-3,sc_h/b_type-3
0,0,150,0.24578561612459918,0.5016720109940449,0.25254237288135595,2896.0,6890.0,8772.0,0.15605129863131803,0.634908181739199,0.3712684556525488,0.7400621272789243,0.4726802457161332,1.8716868790101917,46218.0,107808.0,104193.0,0.17898760354582738,0.8718553438331453,0.41750607042858967,0.8892528323514535,0.40350632602558295,1.1714320575141728
1,1,1,1.0,0.0,0.0,52.0,0.0,0.0,1.0,1.0,0.0,,0.0,,626.0,0.0,0.0,1.0,1.0,0.0,,0.0,
2,2,144,0.2663307375171782,0.5011223087494274,0.2325469537333944,3442.0,5748.0,6492.0,0.2194873102920546,0.8241155802675528,0.36653488075500573,0.7314279854547077,0.4139778089529397,1.7801902037708408,54001.0,91758.0,71997.0,0.24798857436764085,0.8850702531426573,0.42137989309134993,0.8698442587424207,0.3306315325410092,1.2520820557294934
3,3,2,0.9932432432432432,0.006756756756756757,0.0,70.0,0.0,0.0,1.0,1.0068027210884354,0.0,0.0,0.0,,780.0,0.0,0.0,1.0,1.0,0.0,,0.0,
