,group_code,group_size,b_type-1,b_type-2,b_type-3,type-1,type-2,type-3,h_type-1,h/b_type-1,h_type-2,h/b_type-2,h_type-3,h/b_type-3,c_type-1,c_type-2,c_type-3,c_h_type-1,sc_h/b_type-1,c_h_type-2,sc_h/b_type-2,c_h_type-3,sc_h/b_type-3
0,0,8,0.8316455696202532,0.16170886075949367,0.006645569620253164,1497.0,320.0,12.0,0.8184800437397485,0.9841693067799107,0.17495899398578457,1.081938201555928,0.0065609622744669215,0.9872686089197844,3781.0,774.0,33.0,0.824106364428945,0.9931728221840693,0.16870095902353968,1.0370954320501027,0.007192676547515257,0.9121725731895223
1,1,28,0.4360759493670886,0.4528481012658228,0.1110759493670886,2399.0,4202.0,1788.0,0.28596972225533435,0.6557796243300846,0.5008940278936703,1.106097224419286,0.21313624985099536,1.9188334744420095,6643.0,8478.0,2286.0,0.3816280806572069,0.7493414052835473,0.48704544148905615,1.028433869255145,0.131326477853737,1.6229495630604884
2,2,11,0.7642405063291139,0.22151898734177214,0.014240506329113924,2500.0,1996.0,291.0,0.5222477543346563,0.6833552396262998,0.41696260706078964,1.8822883404458504,0.060789638604554,4.26878351089757,6191.0,3096.0,315.0,0.6447615080191627,0.8099859371864594,0.3224328264944803,1.2931766644049427,0.03280566548635701,1.8530225710505634
3,3,29,0.419620253164557,0.4607594936708861,0.11962025316455696,1293.0,864.0,267.0,0.5334158415841584,1.2711870734584771,0.3564356435643564,0.7735828527907735,0.11014851485148515,0.9208182723034208,5911.0,2850.0,399.0,0.6453056768558952,0.8266095599578567,0.3111353711790393,1.145596664929651,0.043558951965065505,2.528722797091739
4,4,5,0.9018987341772152,0.09620253164556962,0.0018987341772151898,934.0,420.0,21.0,0.6792727272727273,0.7531585326953747,0.3054545454545455,3.1751196172248806,0.015272727272727273,8.043636363636365,3100.0,564.0,21.0,0.841248303934871,0.807458064516129,0.15305291723202172,1.995744680851064,0.005698778833107192,2.6799999999999997
