,group_code,group_size,b_type-1,b_type-2,b_type-3,type-1,type-2,type-3,h_type-1,h/b_type-1,h_type-2,h/b_type-2,h_type-3,h/b_type-3,c_type-1,c_type-2,c_type-3,c_h_type-1,sc_h/b_type-1,c_h_type-2,sc_h/b_type-2,c_h_type-3,sc_h/b_type-3
0,0,82620,0.046248626452220026,0.3376200811889522,0.6161312923588278,42330.0,258736.0,616317.0,0.04614212384576562,0.9976971725513959,0.2820370554065205,0.8353681286175506,0.6718208207477139,1.090385813997016,42974.0,267072.0,642132.0,0.04513231769690121,1.0223743472614468,0.2804853714326523,1.005532138684961,0.6743823108704465,0.9962017240348039
1,1,22636,0.6161462075417748,0.33760925229567224,0.04624454016255293,129368.0,84660.0,22236.0,0.5475569701689635,0.8886802571641879,0.3583279720990079,1.0613689336487455,0.09411505773202858,2.0351604189642125,133536.0,85948.0,22386.0,0.5520982345888287,0.9917745355167686,0.3553479141687683,1.0083863104619892,0.09255385124240294,1.0168680878069218
