,group_code,group_size,b_type-1,b_type-2,b_type-3,type-1,type-2,type-3,h_type-1,h/b_type-1,h_type-2,h/b_type-2,h_type-3,h/b_type-3,c_type-1,c_type-2,c_type-3,c_h_type-1,sc_h/b_type-1,c_h_type-2,sc_h/b_type-2,c_h_type-3,sc_h/b_type-3
0,0,792,0.2212493645042326,0.49859899522178913,0.28015164027397826,3720.0,9376.0,15642.0,0.12944533370450276,0.5850653356431512,0.32625791634769297,0.6543493257594019,0.5442967499478043,1.9428647621534594,20351.0,57814.0,118827.0,0.10330876380766732,1.2529947018386027,0.2934839993502274,1.1116719039880434,0.6032072368421053,0.9023378976639809
1,1,702,0.28157102623487923,0.49843759947133925,0.21999137429378152,4646.0,7428.0,9741.0,0.21297272518909008,0.7563730119427621,0.3404996561998625,0.683133970151948,0.44652761861104745,2.0297505756509535,28731.0,40540.0,48915.0,0.24309985954343155,0.8760709512094184,0.3430186316484186,0.9926564471543401,0.4138815088081499,1.078877913383732
2,2,1,1.0,0.0,0.0,75.0,0.0,0.0,1.0,1.0,0.0,,0.0,,482.0,0.0,0.0,1.0,1.0,0.0,,0.0,
