dataset,observed_proportion,closed_baseline,node_baseline,simplicial_ratio,hypergraph_ratio,"number filled (hom, total)","number closed (hom, total)"
cont-hospital,0.13083397092578425,0.07292393579902302,0.0839310829817159,1.7941156013076445,1.5588261973729802,"(513, 3921)","(627, 8598)"
cont-workplace-13,0.10164263227378897,0.09720736779560309,0.07841682127396413,1.0456268344546873,1.2961840409047065,"(8007, 78776)","(8998, 92565)"
bills-senate,0.42356959863364646,0.3662891986062718,0.24029669114414876,1.1563802597655795,1.7626942619012438,"(1984, 4684)","(20184, 55104)"
bills-house,0.5058183183183184,0.5510204081632653,0.25171507949914745,0.9179665776888001,2.009487549672333,"(2695, 5328)","(16254, 29498)"
hosp-DAWN,0.002003509798186604,0.0008475405291202018,0.0002936939736730183,2.3639103138422985,6.82175998754811,"(685, 341900)","(2088, 2463599)"
cont-workplace-15,0.09380742523539265,0.08028125167056072,0.02426157051344458,1.168484836538641,3.866502590317026,"(11537, 122986)","(25530, 318007)"
coauth-dblp,0.5545855665638028,0.5578634544266621,0.493573371454415,0.9941242111544515,1.123613222750658,"(163900, 295536)","(175891, 315294)"
cont-primary-school,0.01610525385656418,0.012035581646849307,0.007946401015054352,1.338136729003059,2.0267356034578405,"(17315, 1075115)","(17328, 1439731)"
cont-high-school,0.09609298790862277,0.03385061132109546,0.011938498294192978,2.8387371500359966,8.04900126805425,"(67774, 705296)","(68978, 2037718)"
