,dataset,observed_proportion,node_baseline,edge_homophily_ratio
0,youtube-0,0.41918014560843525,0.18366696389959175,2.282283850663505
