,dataset,observed_proportion,node_baseline,edge_homophily_ratio
0,orkut-12,0.3430671368774925,0.11923911415489735,2.8771359071976312
1,orkut-2,0.3458698030634573,0.11965625276034722,2.8905284519997507
2,orkut-27,0.3427078739356108,0.11719133119934427,2.9243449189314132
3,orkut-34,0.34304743110860525,0.1191424052618167,2.879305905859084
4,orkut-7,0.34974084371674735,0.11859230579130445,2.9491023164033248
