,dataset,observed_proportion,node_baseline,edge_homophily_ratio
0,orkut-14,0.3461328604555995,0.11917685231413992,2.904363168975323
1,orkut-21,0.35274789886902086,0.11918336160540516,2.9597075809701208
2,orkut-29,0.3514176192285112,0.11910047060957311,2.950598074297322
3,orkut-36,0.3509218492019813,0.11950830249300302,2.9363805014511613
4,orkut-9,0.3460444718539076,0.11956275927722533,2.8942496304518053
