,dataset,observed_proportion,node_baseline,edge_homophily_ratio
0,orkut-1,0.3500845614882822,0.12028483687246833,2.9104629526950134
1,orkut-17,0.3433763913700701,0.11848709090075717,2.8980067681607315
2,orkut-24,0.34902748869590183,0.11820820472355666,2.952650279328261
3,orkut-31,0.3441224313647379,0.12000199648298132,2.8676392180986867
4,orkut-4,0.34368263681246086,0.11719255985415906,2.932631877315067
