,dataset,observed_proportion,node_baseline,edge_homophily_ratio
0,orkut-10,0.347149901720749,0.12046720639944976,2.8816962897741325
1,orkut-18,0.3410660226538318,0.11945982000035806,2.8550689483109006
2,orkut-25,0.3538116429682695,0.11866366697312807,2.981634159749941
3,orkut-32,0.3480325644504749,0.11916629754599667,2.9205620348835524
4,orkut-5,0.3470501424305865,0.11975294250101147,2.8980510639866344
