,dataset,observed_proportion,node_baseline,edge_homophily_ratio
0,orkut-15,0.35225649067781845,0.11836314677577478,2.9760656105665
1,orkut-22,0.3492999263080324,0.11792624184422269,2.9620203344514953
2,orkut-3,0.34583160227115356,0.12099234233913815,2.858293306710248
3,orkut-37,0.3518626210105018,0.12044119182753124,2.921447518672517
