,dataset,observed_proportion,node_baseline,edge_homophily_ratio
0,orkut-11,0.34022394487510765,0.1179018902006199,2.885653014520702
1,orkut-19,0.34549749665044777,0.11934532097254949,2.8949396074766547
2,orkut-26,0.351186703288964,0.11846934557211382,2.9643677154879877
3,orkut-33,0.33607192161352234,0.11804939594149343,2.846875402734659
4,orkut-6,0.3435344678196375,0.12007055487728831,2.861105024214542
