,dataset,observed_proportion,node_baseline,edge_homophily_ratio
0,orkut-13,0.3490818392134182,0.11842636724717384,2.947669909394681
1,orkut-20,0.3579960777322161,0.12062904234772777,2.9677436773496817
2,orkut-28,0.3436155961362194,0.11956674004528818,2.8738392968317816
3,orkut-35,0.3434527911784976,0.11827522972536797,2.903843788559837
4,orkut-8,0.3361440906637885,0.11817565890726749,2.8444443955041616
