,dataset,observed_proportion,node_baseline,edge_homophily_ratio
0,orkut-0,0.3407832545577313,0.12081003332569053,2.820819142057657
1,orkut-16,0.34663828896409754,0.1197925165151661,2.8936556226382644
2,orkut-23,0.34132532996828213,0.11884092788101516,2.8721193620266985
3,orkut-30,0.34237865258330147,0.12007822456232754,2.8512967595185184
4,orkut-38,0.35657936257494477,0.1203216951115443,2.963550025158619
