,dataset,observed_proportion,closed_baseline,node_baseline,simplicial_ratio,hypergraph_ratio,"number filled (hom, total)","number closed (hom, total)"
0,orkut-11,0.4052863436123348,0.14341387373343725,0.015541913391302516,2.8259911894273126,26.076991513743668,"(184, 454)","(184, 1283)"
1,orkut-19,0.42359249329758714,0.14919735599622286,0.01609845192059603,2.839142091152815,26.3126228153436,"(158, 373)","(158, 1059)"
2,orkut-26,0.4717514124293785,0.1549165120593692,0.015792868613241126,3.045197740112994,29.871166789410925,"(167, 354)","(167, 1078)"
3,orkut-33,0.4186046511627907,0.15104895104895105,0.01564947258932903,2.7713178294573644,26.748802477102416,"(216, 516)","(216, 1430)"
4,orkut-6,0.45714285714285713,0.16080402010050251,0.016249236239265517,2.8428571428571425,28.133190410401742,"(192, 420)","(192, 1194)"
