,dataset,observed_proportion,closed_baseline,node_baseline,simplicial_ratio,hypergraph_ratio,"number filled (hom, total)","number closed (hom, total)"
0,orkut-13,0.47046843177189407,0.18719611021069693,0.015790840130491944,2.5132382892057024,29.793755613004056,"(231, 491)","(231, 1234)"
1,orkut-20,0.47533632286995514,0.1652377240841777,0.016526048522191042,2.876681614349776,28.76285412279151,"(212, 446)","(212, 1283)"
2,orkut-28,0.4378531073446328,0.13620386643233742,0.016369929658197276,3.2146892655367236,26.747403103554383,"(155, 354)","(155, 1138)"
3,orkut-35,0.42018779342723006,0.14624183006535948,0.015870144327459843,2.873239436619718,26.476620801752016,"(179, 426)","(179, 1224)"
4,orkut-8,0.5038022813688213,0.17966101694915254,0.01567916254812383,2.804182509505704,32.13196366977561,"(265, 526)","(265, 1475)"
