,dataset,observed_proportion,closed_baseline,node_baseline,simplicial_ratio,hypergraph_ratio,"number filled (hom, total)","number closed (hom, total)"
0,orkut-12,0.4636363636363636,0.15813953488372093,0.016050775799257233,2.9318181818181817,28.885604623411343,"(204, 440)","(204, 1290)"
1,orkut-2,0.46952595936794583,0.16352201257861634,0.01626116477287138,2.8713318284424383,28.874066890414852,"(208, 443)","(208, 1272)"
2,orkut-27,0.45243619489559167,0.16075845012366036,0.015437200371946881,2.8143851508120648,29.308176611983182,"(195, 431)","(195, 1213)"
3,orkut-34,0.44419134396355353,0.15996718621821165,0.01603717775014387,2.776765375854214,27.69760059306998,"(195, 439)","(195, 1219)"
4,orkut-7,0.5295508274231678,0.18543046357615894,0.015829954404023405,2.8557919621749406,33.45245437274128,"(224, 423)","(224, 1208)"
